{"cameraMode":{"drawMode":0,"name":"Shaded","section":"Shading Mode"},"sceneLighting":true,"audioPlay":false,"sceneViewState":{"showFog":true,"showMaterialUpdate":false,"showSkybox":true,"showFlares":true,"showImageEffects":true,"showParticleSystems":true},"in2DMode":false,"pivot":{"x":-17.488842010498048,"y":-4.998842716217041,"z":9.398528099060059},"rotation":{"x":-0.1659782975912094,"y":0.5185287594795227,"z":-0.10338681936264038,"w":-0.8324212431907654},"size":34.04239273071289,"orthographic":false}