{"cameraMode":{"drawMode":0,"name":"Shaded","section":"Shading Mode"},"sceneLighting":true,"audioPlay":false,"sceneViewState":{"showFog":true,"showMaterialUpdate":false,"showSkybox":true,"showFlares":true,"showImageEffects":true,"showParticleSystems":true},"in2DMode":false,"pivot":{"x":3.975904703140259,"y":0.4771893322467804,"z":4.580628395080566},"rotation":{"x":0.0002229287347290665,"y":0.9406388998031616,"z":-0.3399595022201538,"w":0.0014254885027185083},"size":27.424020767211915,"orthographic":false}