{"cameraMode":{"drawMode":0,"name":"Shaded","section":"Shading Mode"},"sceneLighting":true,"audioPlay":false,"sceneViewState":{"showFog":true,"showMaterialUpdate":false,"showSkybox":true,"showFlares":true,"showImageEffects":true,"showParticleSystems":true},"in2DMode":false,"pivot":{"x":281.2392883300781,"y":-266.023681640625,"z":-345.9755554199219},"rotation":{"x":-0.08643671870231629,"y":-0.9110329151153565,"z":0.25116240978240969,"w":-0.31581228971481326},"size":533.7403564453125,"orthographic":false}