{"cameraMode":{"drawMode":0,"name":"Shaded","section":"Shading Mode"},"sceneLighting":true,"audioPlay":false,"sceneViewState":{"showFog":true,"showMaterialUpdate":false,"showSkybox":true,"showFlares":true,"showImageEffects":true,"showParticleSystems":true},"in2DMode":false,"pivot":{"x":-15.987751007080079,"y":-14.269830703735352,"z":8.745360374450684},"rotation":{"x":0.2185250222682953,"y":-0.5659497380256653,"z":0.1584918051958084,"w":0.7791382670402527},"size":51.905967712402347,"orthographic":false}