{"cameraMode":{"drawMode":0,"name":"Shaded","section":"Shading Mode"},"sceneLighting":false,"audioPlay":false,"sceneViewState":{"showFog":true,"showMaterialUpdate":false,"showSkybox":false,"showFlares":true,"showImageEffects":true,"showParticleSystems":true},"in2DMode":false,"pivot":{"x":-3.9992403984069826,"y":0.75,"z":4.1920976638793949},"rotation":{"x":-0.2057744860649109,"y":-0.024368269369006158,"z":0.0051221661269664768,"w":-0.978337824344635},"size":5.282558441162109,"orthographic":false}