{"cameraMode":{"drawMode":0,"name":"Shaded","section":"Shading Mode"},"sceneLighting":true,"audioPlay":false,"sceneViewState":{"showFog":true,"showMaterialUpdate":false,"showSkybox":true,"showFlares":true,"showImageEffects":true,"showParticleSystems":true},"in2DMode":false,"pivot":{"x":-0.7674174308776856,"y":1.0977095365524293,"z":3.8578546047210695},"rotation":{"x":-0.11028612405061722,"y":-0.1992635577917099,"z":0.022578738629817964,"w":-0.9734904170036316},"size":7.209449768066406,"orthographic":false}